{
	"credit": "Made with Blockbench",
	"parent": "item/generated",
	"display": {
		"thirdperson_righthand": {
			"rotation": [0, 105, 0],
			"translation": [2, 0, 0]
		},
		"thirdperson_lefthand": {
			"rotation": [0, 105, 0],
			"translation": [2, 0, 0]
		},
		"firstperson_righthand": {
			"rotation": [0, 180, 5],
			"translation": [0, -5.25, 0]
		},
		"firstperson_lefthand": {
			"rotation": [0, 180, 5],
			"translation": [0, -5.25, 0]
		},
		"gui": {
			"rotation": [15, -25, -5],
			"translation": [0, -1, 0]
		},
		"fixed": {
			"rotation": [0, 180, 0],
			"translation": [-2, 4, -5],
			"scale": [0.5, 0.5, 0.5]
		}
	}
}